asset_id,asset_type,month_index,age_yr,operating_hours_30d,avg_temp_c,vibration_mm_s,oil_pressure_dev,days_since_maintenance,load_factor,fault_next_30d
A000,VEHICLE,0,4.28,170.0,-15.2,3.97,0.368,65,0.69,0
A000,VEHICLE,1,4.36,180.7,-27.0,3.26,0.287,95,0.61,0
A000,VEHICLE,2,4.45,222.2,-1.6,2.89,0.521,125,0.57,0
A000,VEHICLE,3,4.53,147.6,-15.8,3.53,0.324,155,0.76,0
A000,VEHICLE,4,4.61,157.3,-6.0,2.89,0.211,185,0.49,1
A000,VEHICLE,5,4.7,270.4,-4.0,2.33,0.518,215,0.69,0
A000,VEHICLE,6,4.78,168.3,-14.6,3.26,0.123,8,0.71,0
A000,VEHICLE,7,4.86,253.6,-16.0,3.34,0.435,38,0.66,0
A000,VEHICLE,8,4.95,158.0,-7.1,3.66,0.414,68,0.75,0
A000,VEHICLE,9,5.03,168.9,-23.4,3.36,0.429,98,0.9,1
A000,VEHICLE,10,5.11,66.4,-19.8,2.65,0.547,128,0.64,0
A000,VEHICLE,11,5.2,91.9,-17.5,4.03,0.269,158,0.66,0
A000,VEHICLE,12,5.28,217.1,-25.2,3.32,0.691,188,0.59,1
A000,VEHICLE,13,5.36,294.4,-13.3,2.96,0.217,6,0.42,0
A000,VEHICLE,14,5.45,121.3,-10.2,3.75,0.307,36,0.56,0
A000,VEHICLE,15,5.53,31.3,-14.9,3.3,0.512,66,0.47,0
A000,VEHICLE,16,5.61,216.3,-13.6,3.72,0.331,96,0.84,1
A000,VEHICLE,17,5.7,152.7,-10.4,2.72,0.323,126,0.93,0
A000,VEHICLE,18,5.78,125.4,-7.3,3.75,0.584,156,0.65,1
A000,VEHICLE,19,5.86,238.2,-16.6,4.0,0.631,186,0.55,1
A000,VEHICLE,20,5.95,176.3,-21.8,4.31,0.385,14,0.61,1
A000,VEHICLE,21,6.03,170.3,-8.3,2.68,0.414,44,1.0,0
A000,VEHICLE,22,6.11,87.4,-17.1,3.85,0.478,74,0.6,0
A000,VEHICLE,23,6.2,220.6,-17.1,4.32,0.31,104,0.72,0
A001,GENERATOR,0,1.83,151.1,-14.0,1.93,0.105,40,0.56,0
A001,GENERATOR,1,1.91,165.9,-9.3,3.07,0.226,70,0.63,0
A001,GENERATOR,2,2.0,171.6,-11.4,3.18,0.011,100,0.79,0
A001,GENERATOR,3,2.08,144.3,-14.9,3.86,0.493,130,0.31,0
A001,GENERATOR,4,2.16,108.3,-9.3,4.08,0.47,160,0.48,0
A001,GENERATOR,5,2.25,76.0,-12.2,2.51,0.149,17,0.78,0
A001,GENERATOR,6,2.33,215.2,-18.2,3.32,0.052,47,0.74,1
A001,GENERATOR,7,2.41,133.4,-11.6,3.15,0.187,77,0.81,0
A001,GENERATOR,8,2.5,116.2,-13.1,3.33,0.594,107,0.7,1
A001,GENERATOR,9,2.58,155.4,-18.2,3.44,0.147,137,0.31,0
A001,GENERATOR,10,2.66,201.5,-19.2,4.19,0.095,14,0.69,0
A001,GENERATOR,11,2.75,169.7,-8.2,3.62,0.508,44,0.75,0
A001,GENERATOR,12,2.83,145.2,-12.3,3.84,0.318,74,0.57,0
A001,GENERATOR,13,2.91,203.4,-6.4,3.83,0.175,104,0.49,0
A001,GENERATOR,14,3.0,266.0,-4.8,3.8,0.442,134,0.31,0
A001,GENERATOR,15,3.08,249.5,-19.6,4.11,0.319,164,0.15,0
A001,GENERATOR,16,3.16,184.8,-16.5,3.87,0.795,194,0.79,1
A001,GENERATOR,17,3.25,144.0,-7.6,3.04,0.107,3,0.82,0
A001,GENERATOR,18,3.33,170.4,-15.8,2.96,0.114,33,1.0,0
A001,GENERATOR,19,3.41,218.2,-16.8,3.91,0.213,63,0.53,0
A001,GENERATOR,20,3.5,92.4,-6.6,3.89,0.437,93,0.61,0
A001,GENERATOR,21,3.58,81.2,-6.7,3.02,0.294,123,0.81,0
A001,GENERATOR,22,3.66,155.9,-14.2,4.55,0.165,153,1.0,1
A001,GENERATOR,23,3.75,234.3,-12.9,3.24,0.359,15,0.27,0
A002,MEDICAL,0,6.21,137.5,-17.4,3.55,0.148,76,0.57,0
A002,MEDICAL,1,6.3,93.2,-9.6,4.21,0.448,106,0.82,1
A002,MEDICAL,2,6.38,241.1,-29.5,5.22,0.543,136,0.67,1
A002,MEDICAL,3,6.46,162.0,-19.0,3.41,0.481,166,0.33,1
A002,MEDICAL,4,6.55,189.7,-35.2,4.31,0.18,1,0.71,1
A002,MEDICAL,5,6.63,41.6,-11.9,3.59,0.271,31,0.49,0
A002,MEDICAL,6,6.71,151.9,-15.3,3.92,0.476,61,0.48,0
A002,MEDICAL,7,6.8,271.0,-1.2,3.8,0.61,91,0.69,0
A002,MEDICAL,8,6.88,225.5,-7.6,3.75,0.484,121,0.5,0
A002,MEDICAL,9,6.96,176.8,-20.4,3.65,0.565,151,0.71,0
A002,MEDICAL,10,7.05,189.2,-10.3,3.72,0.496,181,0.37,1
A002,MEDICAL,11,7.13,200.7,-24.9,2.78,0.292,10,0.47,0
A002,MEDICAL,12,7.21,67.8,-12.7,3.32,0.449,40,1.0,0
A002,MEDICAL,13,7.3,221.9,2.3,3.4,0.302,70,0.48,0
A002,MEDICAL,14,7.38,171.9,-24.2,2.87,0.48,100,0.48,0
A002,MEDICAL,15,7.46,148.1,-5.9,4.57,0.764,130,0.9,1
A002,MEDICAL,16,7.55,155.8,-13.8,2.83,0.163,6,0.69,0
A002,MEDICAL,17,7.63,242.8,-10.8,4.13,0.3,36,0.36,0
A002,MEDICAL,18,7.71,99.0,-23.6,3.16,0.151,66,0.51,0
A002,MEDICAL,19,7.8,255.0,-6.7,4.06,0.522,96,0.82,1
A002,MEDICAL,20,7.88,88.1,-7.7,4.28,0.599,126,0.64,0
A002,MEDICAL,21,7.96,199.3,-4.8,4.35,0.611,156,0.76,1
A002,MEDICAL,22,8.05,155.3,-19.4,5.62,0.598,186,0.61,1
A002,MEDICAL,23,8.13,107.7,-21.7,4.03,0.118,11,0.7,0
A003,COMMS,0,14.54,133.2,-7.7,3.91,0.827,56,0.68,1
A003,COMMS,1,14.62,174.4,0.4,3.96,0.657,86,0.1,0
A003,COMMS,2,14.71,167.8,-19.9,4.02,0.906,116,0.47,1
A003,COMMS,3,14.79,180.2,-41.1,4.84,0.85,146,0.95,1
A003,COMMS,4,14.87,248.9,-14.4,4.05,0.587,7,1.0,0
A003,COMMS,5,14.96,98.4,-20.3,4.1,0.394,37,0.81,0
A003,COMMS,6,15.04,190.7,2.2,4.35,0.66,67,0.38,0
A003,COMMS,7,15.12,127.9,-22.1,4.58,0.903,97,0.57,0
A003,COMMS,8,15.21,165.8,-15.4,5.42,0.993,127,0.53,0
A003,COMMS,9,15.29,162.9,-9.7,6.14,1.279,157,0.7,1
A003,COMMS,10,15.37,177.2,-12.9,3.62,0.733,10,0.44,0
A003,COMMS,11,15.46,179.5,-17.4,3.87,0.719,40,0.47,0
A003,COMMS,12,15.54,219.5,-8.4,3.39,0.907,70,0.77,0
A003,COMMS,13,15.62,183.8,-7.7,5.08,0.857,100,0.58,1
A003,COMMS,14,15.71,262.0,-13.0,5.4,0.891,130,0.43,1
A003,COMMS,15,15.79,204.2,-11.6,4.81,1.131,160,0.58,1
A003,COMMS,16,15.87,136.2,-23.5,4.28,0.693,16,0.45,1
A003,COMMS,17,15.96,137.7,-27.5,3.82,0.713,46,0.55,1
A003,COMMS,18,16.04,56.1,-19.3,4.92,0.688,76,0.44,1
A003,COMMS,19,16.12,116.4,-0.8,4.15,0.822,106,0.59,1
A003,COMMS,20,16.21,216.4,5.6,4.63,0.821,136,1.0,1
A003,COMMS,21,16.29,184.8,-6.3,3.64,0.629,5,0.82,0
A003,COMMS,22,16.37,175.0,-19.2,4.8,0.793,35,0.46,0
A003,COMMS,23,16.46,76.4,-15.0,5.21,1.09,65,0.59,0
A004,VEHICLE,0,7.16,164.7,-22.2,4.62,0.481,130,0.39,0
A004,VEHICLE,1,7.24,146.4,-14.0,2.57,1.039,160,0.61,1
A004,VEHICLE,2,7.32,93.0,-1.3,3.65,0.614,190,0.48,0
A004,VEHICLE,3,7.41,142.4,-19.0,3.71,0.433,1,0.41,0
A004,VEHICLE,4,7.49,129.0,-16.8,3.49,0.231,31,0.51,0
A004,VEHICLE,5,7.57,67.4,-31.0,4.19,0.363,61,0.69,0
A004,VEHICLE,6,7.66,193.0,-5.1,3.32,0.557,91,0.53,0
A004,VEHICLE,7,7.74,95.1,-23.3,3.36,0.21,121,0.45,0
A004,VEHICLE,8,7.82,166.1,-11.2,3.86,0.639,151,0.65,0
A004,VEHICLE,9,7.91,32.5,-20.2,3.13,0.356,12,0.63,0
A004,VEHICLE,10,7.99,221.1,-15.9,3.04,0.335,42,0.74,1
A004,VEHICLE,11,8.07,231.9,-12.3,4.08,0.594,72,0.8,0
A004,VEHICLE,12,8.16,85.3,-24.0,3.8,0.708,102,0.59,0
A004,VEHICLE,13,8.24,193.7,-13.4,3.41,0.755,132,0.31,0
A004,VEHICLE,14,8.32,60.6,-15.5,2.7,0.627,162,0.49,0
A004,VEHICLE,15,8.41,209.4,-13.8,2.87,0.328,3,0.7,0
A004,VEHICLE,16,8.49,60.9,-12.7,4.5,0.486,33,0.82,0
A004,VEHICLE,17,8.57,268.3,-7.6,4.49,0.489,63,0.72,0
A004,VEHICLE,18,8.66,103.1,-15.0,3.39,0.424,93,0.88,1
A004,VEHICLE,19,8.74,158.7,-17.0,4.26,0.484,123,0.56,1
A004,VEHICLE,20,8.82,156.3,-16.5,4.24,0.776,153,0.68,1
A004,VEHICLE,21,8.91,133.2,-10.5,4.52,0.821,183,0.56,1
A004,VEHICLE,22,8.99,199.1,-4.5,4.29,0.324,6,0.57,0
A004,VEHICLE,23,9.07,178.5,-9.6,3.39,0.491,36,0.52,0
A005,GENERATOR,0,1.99,113.6,-10.6,3.31,0.418,106,0.54,0
A005,GENERATOR,1,2.08,161.6,-22.7,3.07,0.457,136,0.4,0
A005,GENERATOR,2,2.16,214.3,-16.7,2.79,0.44,166,0.61,0
A005,GENERATOR,3,2.24,255.9,-27.8,3.31,0.177,6,0.57,0
A005,GENERATOR,4,2.33,142.2,-7.8,2.8,0.135,36,0.87,0
A005,GENERATOR,5,2.41,230.6,-15.3,3.26,0.104,66,0.66,1
A005,GENERATOR,6,2.49,231.2,-11.6,3.44,0.518,96,0.61,1
A005,GENERATOR,7,2.58,170.0,-20.4,1.84,0.242,126,0.37,0
A005,GENERATOR,8,2.66,99.8,-9.9,2.31,0.463,156,0.74,0
A005,GENERATOR,9,2.74,199.5,-11.7,4.05,0.458,186,0.34,0
A005,GENERATOR,10,2.83,141.3,-15.3,1.72,0.236,1,0.67,0
A005,GENERATOR,11,2.91,147.2,-10.5,2.87,0.22,31,0.63,0
A005,GENERATOR,12,2.99,206.4,-3.8,2.8,0.292,61,0.51,0
A005,GENERATOR,13,3.08,172.0,-8.1,3.54,0.326,91,0.7,0
A005,GENERATOR,14,3.16,104.2,-20.8,3.1,0.595,121,0.61,0
A005,GENERATOR,15,3.24,157.0,-23.3,3.57,0.186,151,0.43,0
A005,GENERATOR,16,3.33,192.9,0.5,4.54,0.593,181,0.43,1
A005,GENERATOR,17,3.41,199.6,-14.5,3.87,0.763,211,0.51,1
A005,GENERATOR,18,3.49,190.7,-11.7,3.78,0.058,6,0.66,0
A005,GENERATOR,19,3.58,198.1,0.5,3.69,0.156,36,0.79,0
A005,GENERATOR,20,3.66,195.4,-16.2,3.0,0.319,66,0.61,0
A005,GENERATOR,21,3.74,213.2,-5.5,3.74,0.287,96,0.68,0
A005,GENERATOR,22,3.83,219.3,-6.1,3.65,0.178,126,0.22,0
A005,GENERATOR,23,3.91,99.7,-23.3,2.36,0.259,156,0.54,0
A006,MEDICAL,0,10.03,197.3,-33.1,4.73,0.617,77,0.87,1
A006,MEDICAL,1,10.11,139.9,-7.5,3.67,0.668,107,0.82,1
A006,MEDICAL,2,10.19,128.1,-31.5,3.67,0.564,137,0.68,0
A006,MEDICAL,3,10.28,193.1,-4.4,4.34,0.516,167,1.0,1
A006,MEDICAL,4,10.36,243.0,-12.2,3.53,0.478,11,0.79,1
A006,MEDICAL,5,10.44,198.8,-13.6,4.3,0.651,41,0.5,1
A006,MEDICAL,6,10.53,110.2,-1.8,3.8,0.5,71,0.57,1
A006,MEDICAL,7,10.61,179.2,-8.4,4.45,0.533,101,0.42,0
A006,MEDICAL,8,10.69,141.0,-18.4,3.58,0.68,131,0.74,0
A006,MEDICAL,9,10.78,122.4,-15.3,4.53,0.716,161,0.67,0
A006,MEDICAL,10,10.86,150.0,-10.8,3.5,0.61,191,0.78,0
A006,MEDICAL,11,10.94,162.1,-6.4,4.45,1.071,221,0.56,1
A006,MEDICAL,12,11.03,176.5,-14.8,3.35,0.656,0,0.66,0
A006,MEDICAL,13,11.11,49.8,-19.7,4.51,0.529,30,0.65,0
A006,MEDICAL,14,11.19,56.7,-34.5,5.33,0.459,60,0.67,1
A006,MEDICAL,15,11.28,191.5,2.4,4.25,0.413,90,0.42,0
A006,MEDICAL,16,11.36,134.0,-15.4,4.93,0.559,120,0.73,1
A006,MEDICAL,17,11.44,61.9,-26.3,5.28,0.64,150,0.41,0
A006,MEDICAL,18,11.53,129.5,-6.4,4.74,0.819,180,0.53,1
A006,MEDICAL,19,11.61,256.7,-5.7,4.36,0.769,4,1.0,1
A006,MEDICAL,20,11.69,206.2,-33.2,3.86,0.398,34,0.69,1
A006,MEDICAL,21,11.78,136.0,0.5,2.71,1.053,64,0.95,0
A006,MEDICAL,22,11.86,158.9,-17.8,3.89,0.767,94,0.46,0
A006,MEDICAL,23,11.94,234.2,-20.0,5.2,0.784,124,0.82,1
A007,COMMS,0,2.83,113.5,-8.3,2.65,0.711,136,0.72,0
A007,COMMS,1,2.92,194.1,-15.6,2.81,0.297,166,0.39,1
A007,COMMS,2,3.0,243.0,-16.6,3.28,0.58,196,0.6,0
A007,COMMS,3,3.08,130.1,-15.0,2.12,0.169,19,0.63,0
A007,COMMS,4,3.17,217.3,-26.6,4.12,0.41,49,0.56,1
A007,COMMS,5,3.25,105.0,-16.9,3.93,0.509,79,0.95,0
A007,COMMS,6,3.33,131.2,-19.4,3.08,0.635,109,0.47,0
A007,COMMS,7,3.42,188.0,-16.2,2.88,0.282,139,0.62,0
A007,COMMS,8,3.5,130.8,-11.0,4.22,0.206,169,0.65,0
A007,COMMS,9,3.58,206.9,-18.2,4.26,0.614,199,0.96,1
A007,COMMS,10,3.67,118.9,-3.4,3.12,0.172,10,0.78,0
A007,COMMS,11,3.75,211.9,-6.3,3.06,0.135,40,0.83,0
A007,COMMS,12,3.83,173.0,-26.4,2.62,0.022,70,1.0,0
A007,COMMS,13,3.92,27.3,-11.9,4.92,0.24,100,0.95,1
A007,COMMS,14,4.0,122.9,-5.3,2.29,0.495,130,0.64,1
A007,COMMS,15,4.08,175.4,-0.9,3.38,0.469,160,0.73,0
A007,COMMS,16,4.17,198.3,-16.1,3.76,0.847,190,0.67,1
A007,COMMS,17,4.25,139.5,-5.2,2.58,0.07,16,0.59,0
A007,COMMS,18,4.33,203.6,-17.1,3.18,0.112,46,0.67,0
A007,COMMS,19,4.42,154.3,-8.9,3.24,0.423,76,0.75,0
A007,COMMS,20,4.5,66.6,0.8,2.7,0.565,106,0.43,0
A007,COMMS,21,4.58,163.3,-0.3,3.66,0.591,136,0.67,0
A007,COMMS,22,4.67,245.9,-15.5,3.73,0.472,166,0.4,0
A007,COMMS,23,4.75,286.8,-18.3,3.61,0.489,196,0.88,0
A008,VEHICLE,0,13.09,132.1,0.4,4.19,0.84,149,0.22,0
A008,VEHICLE,1,13.17,112.1,-22.8,4.47,1.078,179,0.69,1
A008,VEHICLE,2,13.26,21.6,-4.9,5.22,0.919,209,0.52,1
A008,VEHICLE,3,13.34,79.4,-19.4,3.76,0.561,9,0.67,0
A008,VEHICLE,4,13.42,148.8,2.5,3.89,0.517,39,0.67,0
A008,VEHICLE,5,13.51,148.5,-22.2,4.07,0.576,69,0.86,1
A008,VEHICLE,6,13.59,279.2,-0.2,4.26,0.897,99,1.0,1
A008,VEHICLE,7,13.67,183.3,0.6,4.7,0.721,129,0.6,1
A008,VEHICLE,8,13.76,156.5,-19.2,3.73,0.961,159,0.57,0
A008,VEHICLE,9,13.84,96.7,-15.8,3.83,0.953,189,0.92,1
A008,VEHICLE,10,13.92,248.6,-17.4,4.01,0.507,2,0.71,1
A008,VEHICLE,11,14.01,175.7,-24.1,4.98,0.622,32,0.88,0
A008,VEHICLE,12,14.09,112.3,-14.3,3.63,0.527,62,0.48,0
A008,VEHICLE,13,14.17,138.4,-24.0,4.07,0.787,92,0.58,1
A008,VEHICLE,14,14.26,216.7,-24.5,4.43,0.567,122,0.77,1
A008,VEHICLE,15,14.34,179.4,-9.4,4.07,0.887,152,0.62,0
A008,VEHICLE,16,14.42,124.6,-11.8,4.25,0.602,11,0.79,1
A008,VEHICLE,17,14.51,275.9,-17.8,4.68,0.624,41,0.45,0
A008,VEHICLE,18,14.59,236.9,-17.1,4.27,0.839,71,0.67,0
A008,VEHICLE,19,14.67,180.5,1.0,4.37,0.84,101,0.4,0
A008,VEHICLE,20,14.76,183.9,-5.3,6.01,0.996,131,0.78,1
A008,VEHICLE,21,14.84,238.3,-16.6,5.34,0.981,161,0.56,1
A008,VEHICLE,22,14.92,110.0,-12.8,5.24,1.147,191,0.68,1
A008,VEHICLE,23,15.01,161.9,-17.6,5.04,1.121,221,0.72,1
A009,GENERATOR,0,4.03,263.4,-2.6,3.25,0.157,43,0.56,0
A009,GENERATOR,1,4.12,108.1,-17.4,2.94,0.028,73,0.77,0
A009,GENERATOR,2,4.2,158.6,-10.4,4.17,0.701,103,0.62,0
A009,GENERATOR,3,4.28,124.0,-6.9,3.96,0.409,133,0.34,1
A009,GENERATOR,4,4.37,155.3,-6.8,3.81,0.206,163,0.98,0
A009,GENERATOR,5,4.45,92.9,-8.7,2.92,0.322,18,0.19,0
A009,GENERATOR,6,4.53,188.6,-11.8,3.39,0.223,48,0.75,0
A009,GENERATOR,7,4.62,110.9,-10.2,2.94,0.557,78,0.99,1
A009,GENERATOR,8,4.7,188.3,-14.3,3.84,0.51,108,0.48,0
A009,GENERATOR,9,4.78,112.8,-16.7,4.11,0.56,138,0.7,0
A009,GENERATOR,10,4.87,155.0,-11.3,3.11,0.486,168,0.36,0
A009,GENERATOR,11,4.95,285.9,-2.6,3.0,0.422,198,0.88,1
A009,GENERATOR,12,5.03,262.5,-2.1,4.32,0.836,228,0.71,0
A009,GENERATOR,13,5.12,149.5,-15.9,2.53,0.347,16,0.96,1
A009,GENERATOR,14,5.2,130.8,-4.2,2.93,-0.011,46,1.0,0
A009,GENERATOR,15,5.28,203.3,-23.2,3.07,0.43,76,0.46,0
A009,GENERATOR,16,5.37,155.6,-16.1,3.74,0.324,106,0.67,0
A009,GENERATOR,17,5.45,61.5,-11.6,4.34,0.53,136,0.4,0
A009,GENERATOR,18,5.53,221.2,-8.6,3.28,0.452,10,0.93,0
A009,GENERATOR,19,5.62,172.9,-8.0,3.0,0.296,40,0.51,0
A009,GENERATOR,20,5.7,146.5,-5.4,4.16,0.455,70,0.35,0
A009,GENERATOR,21,5.78,216.1,-6.5,2.63,0.576,100,0.58,0
A009,GENERATOR,22,5.87,179.6,-17.1,4.24,0.587,130,0.72,1
A009,GENERATOR,23,5.95,209.0,-3.0,4.18,0.434,160,0.54,1
A010,MEDICAL,0,13.33,137.2,-8.2,3.24,0.987,145,0.69,1
A010,MEDICAL,1,13.41,287.7,-16.0,4.52,0.843,175,0.75,1
A010,MEDICAL,2,13.5,101.6,-4.6,4.98,0.513,16,0.94,1
A010,MEDICAL,3,13.58,216.9,-19.1,5.18,0.551,46,1.0,0
A010,MEDICAL,4,13.66,146.9,-28.9,5.58,1.11,76,0.72,1
A010,MEDICAL,5,13.75,208.4,-16.4,4.57,0.734,106,0.62,0
A010,MEDICAL,6,13.83,213.2,-10.0,3.35,0.894,136,0.77,0
A010,MEDICAL,7,13.91,194.2,-15.1,3.8,0.743,166,0.73,1
A010,MEDICAL,8,14.0,67.7,-2.3,5.59,0.838,196,0.77,1
A010,MEDICAL,9,14.08,84.4,-15.2,4.63,0.572,6,0.51,0
A010,MEDICAL,10,14.16,185.3,-15.6,5.46,0.777,36,0.77,1
A010,MEDICAL,11,14.25,73.3,-20.7,4.03,0.865,66,0.84,0
A010,MEDICAL,12,14.33,72.0,-19.7,4.22,0.765,96,0.73,1
A010,MEDICAL,13,14.41,120.5,-17.6,4.58,0.943,126,0.78,1
A010,MEDICAL,14,14.5,161.8,-16.9,5.47,0.989,156,0.61,1
A010,MEDICAL,15,14.58,206.7,-22.4,5.59,0.905,186,0.31,1
A010,MEDICAL,16,14.66,220.4,-1.9,5.48,0.958,216,0.31,1
A010,MEDICAL,17,14.75,259.8,-6.4,4.97,0.76,6,0.67,0
A010,MEDICAL,18,14.83,163.2,-11.9,4.76,0.811,36,0.79,1
A010,MEDICAL,19,14.91,189.4,-16.3,3.44,0.836,66,0.71,0
A010,MEDICAL,20,15.0,94.1,-5.0,4.12,0.615,96,0.57,1
A010,MEDICAL,21,15.08,81.4,-9.9,4.3,0.787,126,0.78,1
A010,MEDICAL,22,15.16,184.4,-22.2,5.05,0.891,156,0.57,1
A010,MEDICAL,23,15.25,261.4,-28.5,4.52,0.618,17,0.76,0
A011,COMMS,0,7.5,194.4,-16.2,4.26,0.829,81,0.48,0
A011,COMMS,1,7.58,137.0,-6.0,3.79,0.493,111,0.65,0
A011,COMMS,2,7.67,250.4,-23.3,4.27,0.743,141,0.61,1
A011,COMMS,3,7.75,170.6,-21.4,3.99,0.91,171,0.6,0
A011,COMMS,4,7.83,106.7,-15.6,2.62,0.721,201,0.65,1
A011,COMMS,5,7.92,137.4,-3.0,4.32,0.333,3,0.9,0
A011,COMMS,6,8.0,192.0,-12.2,3.27,0.689,33,0.74,0
A011,COMMS,7,8.08,196.6,-15.3,2.97,0.611,63,0.94,0
A011,COMMS,8,8.17,141.7,-7.1,3.82,0.393,93,0.52,1
A011,COMMS,9,8.25,181.8,-31.6,4.39,0.694,123,0.48,1
A011,COMMS,10,8.33,146.1,-16.1,4.03,0.563,153,0.67,1
A011,COMMS,11,8.42,243.4,-4.8,4.77,0.767,183,0.7,0
A011,COMMS,12,8.5,224.5,-13.1,3.61,0.487,7,0.45,0
A011,COMMS,13,8.58,76.0,-17.7,4.02,0.448,37,0.58,0
A011,COMMS,14,8.67,235.7,-9.4,2.94,0.725,67,0.57,0
A011,COMMS,15,8.75,141.1,-20.0,3.27,0.498,97,0.89,0
A011,COMMS,16,8.83,278.2,-12.5,4.35,0.735,127,0.71,1
A011,COMMS,17,8.92,137.8,-24.4,4.04,0.755,157,0.71,0
A011,COMMS,18,9.0,203.4,-11.0,3.31,0.186,14,0.82,0
A011,COMMS,19,9.08,172.6,-19.2,4.4,0.571,44,0.73,0
A011,COMMS,20,9.17,145.9,-29.9,4.07,0.503,74,0.63,0
A011,COMMS,21,9.25,101.7,-3.8,3.41,0.862,104,0.45,0
A011,COMMS,22,9.33,105.7,-23.5,3.88,0.745,134,0.62,0
A011,COMMS,23,9.42,162.3,-9.3,4.38,0.294,2,0.54,1
A012,VEHICLE,0,5.69,275.0,-11.4,4.04,0.206,107,0.6,0
A012,VEHICLE,1,5.78,56.8,-15.0,4.49,0.508,137,0.71,0
A012,VEHICLE,2,5.86,200.3,-7.7,4.3,0.52,167,0.66,0
A012,VEHICLE,3,5.94,79.5,-12.4,4.33,0.452,197,0.72,1
A012,VEHICLE,4,6.03,285.4,-6.7,3.63,0.211,9,0.71,0
A012,VEHICLE,5,6.11,204.1,-8.0,2.24,0.283,39,0.62,0
A012,VEHICLE,6,6.19,179.4,-12.8,3.6,0.155,69,0.46,0
A012,VEHICLE,7,6.28,166.2,-15.3,3.5,0.766,99,0.64,0
A012,VEHICLE,8,6.36,224.0,-12.7,4.16,0.786,129,0.65,0
A012,VEHICLE,9,6.44,186.2,-10.0,4.09,0.345,159,0.89,0
A012,VEHICLE,10,6.53,157.9,-17.3,3.52,0.432,3,0.87,0
A012,VEHICLE,11,6.61,106.7,-8.6,3.29,0.266,33,0.11,0
A012,VEHICLE,12,6.69,187.0,-10.0,3.24,0.46,63,0.78,0
A012,VEHICLE,13,6.78,218.7,-27.7,4.15,0.643,93,0.48,1
A012,VEHICLE,14,6.86,78.6,-15.8,2.79,0.488,123,0.61,0
A012,VEHICLE,15,6.94,176.8,-29.3,4.32,0.601,153,0.59,0
A012,VEHICLE,16,7.03,186.3,-1.8,4.12,0.455,183,0.69,0
A012,VEHICLE,17,7.11,190.2,-18.6,4.69,0.914,213,0.65,0
A012,VEHICLE,18,7.19,138.4,-15.6,3.76,0.474,12,0.62,0
A012,VEHICLE,19,7.28,130.9,-10.9,4.37,0.432,42,0.7,0
A012,VEHICLE,20,7.36,209.2,-2.5,3.36,0.405,72,0.79,0
A012,VEHICLE,21,7.44,204.4,-15.9,2.15,0.346,102,0.6,0
A012,VEHICLE,22,7.53,188.7,-38.7,4.7,0.66,132,0.53,1
A012,VEHICLE,23,7.61,202.8,-14.7,4.17,0.714,162,0.55,1
A013,GENERATOR,0,11.05,151.1,-23.4,4.19,0.581,148,0.65,1
A013,GENERATOR,1,11.14,159.4,-28.4,3.67,1.003,178,0.65,1
A013,GENERATOR,2,11.22,39.8,-21.2,5.01,0.363,17,0.85,0
A013,GENERATOR,3,11.3,249.1,-17.8,4.21,0.565,47,1.0,1
A013,GENERATOR,4,11.39,297.0,-19.1,4.34,0.553,77,0.34,0
A013,GENERATOR,5,11.47,166.9,-14.5,4.18,0.609,107,0.31,0
A013,GENERATOR,6,11.55,221.6,-17.8,3.79,0.69,137,0.22,0
A013,GENERATOR,7,11.64,102.3,-19.5,3.81,0.372,5,0.41,0
A013,GENERATOR,8,11.72,221.1,-20.3,4.87,0.593,35,0.69,1
A013,GENERATOR,9,11.8,252.6,-11.6,3.57,0.914,65,0.62,0
A013,GENERATOR,10,11.89,73.4,-17.6,4.23,0.75,95,0.29,0
A013,GENERATOR,11,11.97,210.3,-29.3,4.27,0.94,125,0.75,1
A013,GENERATOR,12,12.05,275.7,-17.5,5.39,0.711,155,0.51,1
A013,GENERATOR,13,12.14,164.2,-18.1,4.19,0.946,185,0.63,1
A013,GENERATOR,14,12.22,237.2,-8.0,4.74,0.729,215,0.53,1
A013,GENERATOR,15,12.3,116.1,-3.1,4.27,0.523,7,0.82,0
A013,GENERATOR,16,12.39,201.5,-11.4,6.01,0.425,37,0.64,0
A013,GENERATOR,17,12.47,184.0,-11.1,4.05,0.879,67,0.54,0
A013,GENERATOR,18,12.55,99.0,-10.1,3.92,0.767,97,0.82,1
A013,GENERATOR,19,12.64,189.1,-14.6,4.39,0.639,127,0.42,0
A013,GENERATOR,20,12.72,230.6,-14.2,5.46,0.58,157,0.94,1
A013,GENERATOR,21,12.8,264.9,-19.3,4.85,0.732,187,0.69,1
A013,GENERATOR,22,12.89,176.7,-9.6,4.59,0.37,5,0.53,1
A013,GENERATOR,23,12.97,217.0,-32.7,4.6,0.969,35,0.63,1
A014,MEDICAL,0,5.56,204.0,-21.0,3.12,0.295,82,0.65,1
A014,MEDICAL,1,5.65,267.4,-11.6,3.31,0.331,112,0.55,0
A014,MEDICAL,2,5.73,143.7,-27.4,2.79,0.533,142,0.56,0
A014,MEDICAL,3,5.81,177.8,-5.7,5.45,0.416,172,0.4,1
A014,MEDICAL,4,5.9,106.4,-7.1,2.53,0.489,19,0.77,0
A014,MEDICAL,5,5.98,158.0,-13.2,2.25,0.137,49,0.76,0
A014,MEDICAL,6,6.06,98.3,-22.3,3.05,0.313,79,0.65,0
A014,MEDICAL,7,6.15,194.3,-17.4,2.84,0.559,109,0.6,0
A014,MEDICAL,8,6.23,268.3,-21.0,4.0,0.292,139,0.47,1
A014,MEDICAL,9,6.31,179.2,-26.2,3.93,0.133,19,0.59,0
A014,MEDICAL,10,6.4,257.5,-11.1,2.91,0.324,49,0.61,0
A014,MEDICAL,11,6.48,124.1,-10.2,3.39,0.311,79,0.43,0
A014,MEDICAL,12,6.56,171.3,-18.4,3.3,0.485,109,0.52,0
A014,MEDICAL,13,6.65,170.4,-20.4,4.45,0.729,139,0.66,1
A014,MEDICAL,14,6.73,147.2,-17.9,4.83,0.555,169,0.45,1
A014,MEDICAL,15,6.81,274.4,-38.0,4.37,0.193,19,0.85,0
A014,MEDICAL,16,6.9,100.5,-22.4,4.01,0.391,49,0.74,0
A014,MEDICAL,17,6.98,287.6,5.8,2.57,0.672,79,0.31,0
A014,MEDICAL,18,7.06,95.0,-10.7,3.67,0.461,109,0.68,1
A014,MEDICAL,19,7.15,77.0,-8.6,3.54,0.556,139,0.68,0
A014,MEDICAL,20,7.23,153.5,-5.8,4.73,0.539,169,0.52,0
A014,MEDICAL,21,7.31,116.1,-16.3,3.68,0.911,199,0.7,1
A014,MEDICAL,22,7.4,204.0,-19.0,3.46,0.351,4,0.28,0
A014,MEDICAL,23,7.48,194.7,-16.8,3.97,0.443,34,0.78,1
A015,COMMS,0,5.81,230.7,-10.2,3.93,0.329,48,0.71,0
A015,COMMS,1,5.9,78.8,-8.9,3.65,0.535,78,0.42,1
A015,COMMS,2,5.98,158.4,-18.4,3.67,0.703,108,0.77,1
A015,COMMS,3,6.06,259.5,-17.4,3.48,0.267,138,0.34,1
A015,COMMS,4,6.15,154.7,-11.1,4.55,0.492,168,0.73,0
A015,COMMS,5,6.23,191.7,-2.2,3.24,0.511,10,0.63,0
A015,COMMS,6,6.31,182.6,-25.6,3.48,0.344,40,0.72,0
A015,COMMS,7,6.4,99.5,-21.7,3.53,0.28,70,0.41,0
A015,COMMS,8,6.48,188.4,-24.2,4.2,0.26,100,0.52,0
A015,COMMS,9,6.56,196.7,-14.4,4.95,0.613,130,0.88,0
A015,COMMS,10,6.65,190.9,0.6,4.61,0.747,160,0.7,0
A015,COMMS,11,6.73,138.6,-14.1,4.01,0.653,190,0.24,0
A015,COMMS,12,6.81,83.9,-26.6,3.82,0.657,220,0.65,1
A015,COMMS,13,6.9,203.9,-17.2,3.2,0.48,4,0.64,1
A015,COMMS,14,6.98,102.3,-15.4,4.08,0.138,34,0.51,0
A015,COMMS,15,7.06,181.3,-12.6,2.77,0.517,64,0.8,0
A015,COMMS,16,7.15,250.0,-11.0,3.3,0.316,94,0.72,0
A015,COMMS,17,7.23,264.1,-4.8,4.09,0.225,124,0.18,0
A015,COMMS,18,7.31,221.7,-11.5,3.65,0.54,154,0.32,0
A015,COMMS,19,7.4,152.2,-30.9,3.62,0.404,15,0.85,0
A015,COMMS,20,7.48,93.4,-19.0,2.87,0.225,45,0.55,0
A015,COMMS,21,7.56,205.5,-7.7,3.55,0.376,75,0.4,0
A015,COMMS,22,7.65,188.9,-17.7,3.19,0.316,105,0.27,0
A015,COMMS,23,7.73,162.8,-13.5,4.19,0.67,135,0.5,1
A016,VEHICLE,0,12.96,175.5,-16.2,4.95,1.006,73,0.69,0
A016,VEHICLE,1,13.04,226.6,-15.7,4.63,1.021,103,0.74,1
A016,VEHICLE,2,13.12,203.5,-7.4,3.86,0.786,133,0.72,0
A016,VEHICLE,3,13.21,131.5,-5.5,4.75,0.869,163,0.8,0
A016,VEHICLE,4,13.29,191.0,-11.5,3.66,0.607,2,0.6,1
A016,VEHICLE,5,13.37,159.1,-16.8,4.1,0.64,32,0.8,1
A016,VEHICLE,6,13.46,135.8,-20.8,5.0,0.738,62,0.66,1
A016,VEHICLE,7,13.54,175.6,-16.6,4.29,0.594,92,0.53,0
A016,VEHICLE,8,13.62,186.0,-2.1,3.83,0.637,122,0.79,0
A016,VEHICLE,9,13.71,261.8,-14.4,4.72,0.885,152,0.46,1
A016,VEHICLE,10,13.79,211.4,-20.8,4.73,0.939,182,0.37,1
A016,VEHICLE,11,13.87,173.5,-9.2,5.55,1.048,212,0.5,1
A016,VEHICLE,12,13.96,187.4,2.3,5.18,0.536,18,0.4,0
A016,VEHICLE,13,14.04,228.9,-13.8,4.67,0.775,48,0.89,0
A016,VEHICLE,14,14.12,266.2,-18.7,5.62,0.673,78,0.47,1
A016,VEHICLE,15,14.21,211.9,-28.7,5.73,0.573,108,0.67,1
A016,VEHICLE,16,14.29,201.3,-22.6,4.92,0.558,138,0.71,1
A016,VEHICLE,17,14.37,207.1,-11.3,3.94,0.729,168,0.55,1
A016,VEHICLE,18,14.46,148.3,-22.8,4.55,0.771,4,0.67,1
A016,VEHICLE,19,14.54,187.4,-30.9,4.44,0.624,34,0.78,0
A016,VEHICLE,20,14.62,248.1,-15.2,4.37,0.596,64,0.63,1
A016,VEHICLE,21,14.71,117.7,-8.7,4.6,0.923,94,0.42,0
A016,VEHICLE,22,14.79,126.8,-19.5,5.01,0.697,124,0.4,0
A016,VEHICLE,23,14.87,152.7,-9.3,4.32,1.172,154,0.92,1
A017,GENERATOR,0,7.85,81.4,-17.1,3.9,0.626,40,0.86,0
A017,GENERATOR,1,7.94,254.6,-10.9,5.43,0.55,70,0.92,1
A017,GENERATOR,2,8.02,89.4,-12.0,3.92,0.43,100,0.68,0
A017,GENERATOR,3,8.1,195.1,-20.4,3.67,0.458,130,0.47,0
A017,GENERATOR,4,8.19,202.9,-9.3,3.81,0.535,160,0.83,0
A017,GENERATOR,5,8.27,221.5,-28.3,3.21,0.162,18,0.86,0
A017,GENERATOR,6,8.35,206.3,-10.4,3.7,0.608,48,0.56,1
A017,GENERATOR,7,8.44,207.2,-6.7,3.36,0.171,78,0.97,0
A017,GENERATOR,8,8.52,183.0,-18.2,4.7,0.481,108,0.61,0
A017,GENERATOR,9,8.6,250.1,-11.6,4.14,0.733,138,0.86,1
A017,GENERATOR,10,8.69,169.8,-18.9,3.04,0.643,168,0.69,0
A017,GENERATOR,11,8.77,170.1,-18.0,3.93,0.437,8,0.87,0
A017,GENERATOR,12,8.85,190.3,-8.1,3.79,0.425,38,0.59,1
A017,GENERATOR,13,8.94,194.2,-17.9,4.17,0.557,68,0.44,0
A017,GENERATOR,14,9.02,262.6,-9.1,4.21,0.715,98,0.63,1
A017,GENERATOR,15,9.1,160.7,-17.7,4.95,0.4,128,0.68,0
A017,GENERATOR,16,9.19,242.8,-16.8,4.33,0.652,158,0.45,1
A017,GENERATOR,17,9.27,196.9,-17.1,3.34,0.311,1,0.48,0
A017,GENERATOR,18,9.35,58.3,-12.4,3.22,0.575,31,0.59,0
A017,GENERATOR,19,9.44,95.4,-19.3,3.29,0.491,61,0.64,0
A017,GENERATOR,20,9.52,82.1,-19.5,5.05,0.586,91,0.5,1
A017,GENERATOR,21,9.6,118.6,-24.2,4.65,0.912,121,0.78,1
A017,GENERATOR,22,9.69,193.9,-2.1,3.55,0.714,151,0.61,0
A017,GENERATOR,23,9.77,247.4,-7.2,3.71,0.483,181,0.63,1
A018,MEDICAL,0,5.6,248.7,-12.2,3.95,0.271,86,0.73,1
A018,MEDICAL,1,5.68,58.8,-7.2,3.92,0.338,116,0.56,0
A018,MEDICAL,2,5.76,173.1,-1.6,4.1,0.362,146,0.67,0
A018,MEDICAL,3,5.85,170.9,-26.6,5.06,0.634,176,0.58,0
A018,MEDICAL,4,5.93,163.0,-24.8,3.19,0.238,7,0.92,0
A018,MEDICAL,5,6.01,191.2,-20.7,3.47,0.434,37,0.62,0
A018,MEDICAL,6,6.1,173.7,-21.5,2.9,0.46,67,0.67,0
A018,MEDICAL,7,6.18,87.3,-19.2,3.51,0.547,97,0.8,0
A018,MEDICAL,8,6.26,176.2,-9.0,3.39,0.42,127,0.49,0
A018,MEDICAL,9,6.35,114.4,-21.8,3.34,0.533,157,0.72,0
A018,MEDICAL,10,6.43,78.0,-5.1,3.35,0.693,187,0.48,1
A018,MEDICAL,11,6.51,259.8,-10.1,2.93,0.312,12,0.52,0
A018,MEDICAL,12,6.6,181.2,-19.1,3.46,0.436,42,0.78,0
A018,MEDICAL,13,6.68,132.2,-7.3,2.68,0.461,72,0.58,0
A018,MEDICAL,14,6.76,251.5,3.4,2.97,0.34,102,0.59,1
A018,MEDICAL,15,6.85,140.5,-20.3,3.65,0.572,132,0.41,0
A018,MEDICAL,16,6.93,147.6,-30.1,3.73,0.407,162,0.63,0
A018,MEDICAL,17,7.01,187.0,-15.6,3.34,0.306,8,0.51,0
A018,MEDICAL,18,7.1,142.3,-17.0,3.48,0.444,38,0.78,0
A018,MEDICAL,19,7.18,299.2,-9.8,3.43,0.457,68,0.65,0
A018,MEDICAL,20,7.26,122.0,-6.4,4.09,0.7,98,0.75,0
A018,MEDICAL,21,7.35,270.2,-17.2,3.07,0.67,128,0.91,0
A018,MEDICAL,22,7.43,93.0,-22.6,3.37,0.639,158,0.57,0
A018,MEDICAL,23,7.51,173.2,-7.9,2.76,0.432,11,0.76,0
A019,COMMS,0,6.24,180.3,-4.8,3.14,0.402,141,0.59,0
A019,COMMS,1,6.32,150.2,-12.1,3.31,0.338,15,0.55,0
A019,COMMS,2,6.4,186.7,-14.0,4.78,-0.056,45,0.5,0
A019,COMMS,3,6.49,69.3,-14.1,3.6,0.516,75,0.67,1
A019,COMMS,4,6.57,115.2,-6.3,4.04,0.228,105,0.62,0
A019,COMMS,5,6.65,147.0,3.0,3.51,0.541,135,0.67,0
A019,COMMS,6,6.74,103.2,-18.8,3.19,0.687,165,0.6,0
A019,COMMS,7,6.82,10.0,-18.6,4.53,0.808,195,0.39,0
A019,COMMS,8,6.9,186.3,-3.1,3.08,0.085,12,0.47,0
A019,COMMS,9,6.99,166.7,-20.7,2.84,0.289,42,0.74,0
A019,COMMS,10,7.07,149.1,-14.8,3.98,0.378,72,0.71,0
A019,COMMS,11,7.15,178.9,-12.9,3.68,0.66,102,0.72,1
A019,COMMS,12,7.24,259.5,-22.3,4.24,0.736,132,0.7,0
A019,COMMS,13,7.32,113.3,-17.3,3.69,0.69,162,0.86,1
A019,COMMS,14,7.4,10.0,0.5,4.04,0.449,18,0.68,0
A019,COMMS,15,7.49,153.3,-15.4,3.92,0.617,48,0.6,0
A019,COMMS,16,7.57,165.6,-14.1,3.22,0.403,78,0.55,0
A019,COMMS,17,7.65,195.9,-18.2,3.28,0.916,108,0.6,1
A019,COMMS,18,7.74,136.6,-23.2,4.29,0.644,138,0.72,1
A019,COMMS,19,7.82,191.6,-17.5,3.32,0.727,168,0.77,1
A019,COMMS,20,7.9,154.1,-5.0,4.12,0.307,15,0.64,0
A019,COMMS,21,7.99,253.4,-11.2,4.51,0.298,45,0.75,1
A019,COMMS,22,8.07,181.6,-25.1,3.51,0.387,75,0.77,0
A019,COMMS,23,8.15,101.1,-1.3,4.43,0.327,105,0.75,0
A020,VEHICLE,0,5.73,170.8,-24.8,3.39,0.494,107,0.58,1
A020,VEHICLE,1,5.82,179.7,-17.7,4.76,0.45,137,0.63,1
A020,VEHICLE,2,5.9,228.0,-18.6,3.7,0.446,167,0.94,0
A020,VEHICLE,3,5.98,203.1,-26.6,3.64,0.938,197,0.69,1
A020,VEHICLE,4,6.07,220.8,-25.6,3.82,0.205,15,0.43,0
A020,VEHICLE,5,6.15,188.6,-18.3,4.27,0.389,45,0.26,0
A020,VEHICLE,6,6.23,244.4,-19.9,3.23,0.373,75,0.69,0
A020,VEHICLE,7,6.32,139.3,-0.9,2.44,0.594,105,0.25,0
A020,VEHICLE,8,6.4,248.1,-8.3,3.83,0.543,135,0.48,0
A020,VEHICLE,9,6.48,248.5,-9.4,3.51,0.138,15,0.7,0
A020,VEHICLE,10,6.57,146.3,-16.5,3.2,0.347,45,0.64,0
A020,VEHICLE,11,6.65,162.1,-11.8,3.61,0.687,75,0.77,0
A020,VEHICLE,12,6.73,16.7,-13.8,3.52,0.431,105,0.79,0
A020,VEHICLE,13,6.82,181.1,-7.8,2.76,0.593,135,0.34,0
A020,VEHICLE,14,6.9,139.3,-16.7,4.07,0.703,165,1.0,1
A020,VEHICLE,15,6.98,101.8,-30.3,3.5,0.575,195,0.54,1
A020,VEHICLE,16,7.07,210.6,-28.3,3.55,0.276,19,0.62,0
A020,VEHICLE,17,7.15,150.1,-10.9,3.81,0.254,49,0.41,0
A020,VEHICLE,18,7.23,88.3,-17.9,3.16,0.453,79,0.84,0
A020,VEHICLE,19,7.32,208.3,-8.4,3.2,0.658,109,0.75,0
A020,VEHICLE,20,7.4,276.6,-14.6,4.62,0.466,139,0.31,0
A020,VEHICLE,21,7.48,176.3,-8.4,4.21,0.777,169,0.56,0
A020,VEHICLE,22,7.57,163.4,-21.5,3.69,0.354,4,0.71,0
A020,VEHICLE,23,7.65,144.5,-11.4,1.85,0.447,34,0.74,0
A021,GENERATOR,0,9.18,149.2,-16.4,3.37,0.586,106,0.68,1
A021,GENERATOR,1,9.27,148.3,-10.6,4.34,0.511,136,0.93,1
A021,GENERATOR,2,9.35,183.6,-17.4,4.92,0.74,166,0.74,1
A021,GENERATOR,3,9.43,156.8,-20.6,4.31,0.443,1,0.62,0
A021,GENERATOR,4,9.52,185.3,-17.8,3.55,0.071,31,0.78,0
A021,GENERATOR,5,9.6,219.2,-14.3,4.08,0.642,61,0.14,0
A021,GENERATOR,6,9.68,191.5,-22.3,3.87,0.084,91,0.37,0
A021,GENERATOR,7,9.77,269.1,-7.7,4.65,0.692,121,0.35,0
A021,GENERATOR,8,9.85,214.4,-10.5,4.47,0.564,151,0.42,1
A021,GENERATOR,9,9.93,198.4,-5.6,3.94,0.735,181,0.52,1
A021,GENERATOR,10,10.02,204.5,-28.1,3.91,0.54,4,0.35,0
A021,GENERATOR,11,10.1,250.3,-6.8,4.09,0.604,34,0.73,0
A021,GENERATOR,12,10.18,140.4,-9.6,3.78,0.715,64,0.47,0
A021,GENERATOR,13,10.27,121.4,-24.7,4.08,0.417,94,0.76,0
A021,GENERATOR,14,10.35,203.8,-19.6,4.91,0.97,124,0.42,1
A021,GENERATOR,15,10.43,220.8,-22.8,4.73,0.809,154,0.61,1
A021,GENERATOR,16,10.52,146.7,-5.1,5.19,0.571,184,0.38,1
A021,GENERATOR,17,10.6,285.6,-4.8,3.3,0.152,8,0.52,0
A021,GENERATOR,18,10.68,135.4,-14.7,3.24,0.47,38,0.91,1
A021,GENERATOR,19,10.77,122.0,-7.4,3.32,0.541,68,0.46,1
A021,GENERATOR,20,10.85,160.3,-15.3,4.85,0.549,98,0.7,0
A021,GENERATOR,21,10.93,203.2,-7.3,4.48,0.712,128,0.41,0
A021,GENERATOR,22,11.02,117.2,-7.6,4.99,0.694,158,0.92,0
A021,GENERATOR,23,11.1,139.2,-8.3,3.68,0.766,188,0.73,1
A022,MEDICAL,0,11.09,179.6,-31.6,5.71,0.544,133,0.48,0
A022,MEDICAL,1,11.17,229.0,-19.2,4.55,0.816,163,0.41,1
A022,MEDICAL,2,11.25,118.8,-20.3,4.79,0.922,193,0.4,1
A022,MEDICAL,3,11.34,195.1,-19.2,3.58,1.007,223,0.67,0
A022,MEDICAL,4,11.42,132.0,-6.9,3.92,0.494,9,0.39,0
A022,MEDICAL,5,11.5,279.8,-23.9,3.76,0.559,39,0.53,0
A022,MEDICAL,6,11.59,128.0,-27.3,4.47,0.541,69,0.43,0
A022,MEDICAL,7,11.67,67.7,-7.0,3.87,0.701,99,0.59,0
A022,MEDICAL,8,11.75,208.0,-29.9,4.2,0.749,129,0.54,1
A022,MEDICAL,9,11.84,147.4,-13.9,4.08,0.895,159,0.72,1
A022,MEDICAL,10,11.92,218.3,-14.2,3.65,0.817,16,0.69,0
A022,MEDICAL,11,12.0,219.7,-16.5,3.2,0.661,46,0.52,0
A022,MEDICAL,12,12.09,110.7,-13.4,4.34,0.556,76,0.69,0
A022,MEDICAL,13,12.17,177.8,-4.4,4.51,0.424,106,1.0,0
A022,MEDICAL,14,12.25,185.8,-10.7,4.98,0.739,136,0.19,0
A022,MEDICAL,15,12.34,140.3,-7.3,4.19,0.305,8,0.3,0
A022,MEDICAL,16,12.42,163.5,-9.0,4.37,0.519,38,0.9,0
A022,MEDICAL,17,12.5,156.5,-7.7,4.65,0.361,68,0.43,0
A022,MEDICAL,18,12.59,188.8,-6.5,4.89,0.455,98,0.57,0
A022,MEDICAL,19,12.67,250.2,-15.2,3.93,0.813,128,0.58,1
A022,MEDICAL,20,12.75,169.8,-8.7,4.06,0.614,158,0.71,1
A022,MEDICAL,21,12.84,170.5,-3.4,4.91,0.859,188,0.43,0
A022,MEDICAL,22,12.92,81.1,-7.1,4.84,1.304,218,0.84,1
A022,MEDICAL,23,13.0,276.0,-16.7,4.22,0.52,13,0.58,0
A023,COMMS,0,1.54,216.5,-5.7,2.4,0.137,72,0.81,0
A023,COMMS,1,1.62,153.4,-17.5,3.73,0.167,102,0.53,0
A023,COMMS,2,1.71,179.3,-14.1,3.54,0.456,132,0.86,1
A023,COMMS,3,1.79,135.9,-13.2,3.79,0.256,162,0.33,1
A023,COMMS,4,1.87,118.0,-10.2,4.16,0.342,192,0.86,0
A023,COMMS,5,1.96,153.0,-11.0,2.36,0.148,9,0.65,0
A023,COMMS,6,2.04,154.1,-8.3,2.27,0.387,39,0.72,0
A023,COMMS,7,2.12,193.5,-8.2,3.8,0.147,69,0.85,0
A023,COMMS,8,2.21,137.5,-12.4,3.3,0.142,99,0.77,0
A023,COMMS,9,2.29,60.9,-24.7,3.88,0.12,129,0.68,0
A023,COMMS,10,2.37,97.5,-9.4,3.19,0.513,159,0.68,0
A023,COMMS,11,2.46,161.4,-26.8,2.99,0.058,5,0.39,0
A023,COMMS,12,2.54,167.5,-11.1,3.8,0.58,35,0.49,0
A023,COMMS,13,2.62,61.0,-3.6,3.37,0.203,65,0.36,0
A023,COMMS,14,2.71,151.7,-13.4,2.45,0.479,95,0.32,0
A023,COMMS,15,2.79,225.8,-2.5,3.59,0.45,125,0.69,0
A023,COMMS,16,2.87,151.8,1.0,3.43,0.421,155,0.65,0
A023,COMMS,17,2.96,165.2,-8.1,3.05,0.468,185,0.89,0
A023,COMMS,18,3.04,210.2,1.9,2.64,0.098,2,0.67,0
A023,COMMS,19,3.12,147.9,-13.1,3.69,0.094,32,0.79,0
A023,COMMS,20,3.21,294.0,-23.7,3.05,0.293,62,0.69,0
A023,COMMS,21,3.29,176.4,-17.7,3.79,0.498,92,0.47,0
A023,COMMS,22,3.37,189.0,-17.3,3.64,0.679,122,0.26,0
A023,COMMS,23,3.46,189.2,-12.3,3.9,0.557,152,0.6,0
A024,VEHICLE,0,7.37,173.4,-23.7,3.54,0.351,52,0.65,1
A024,VEHICLE,1,7.45,175.5,-16.1,3.48,0.443,82,0.65,0
A024,VEHICLE,2,7.53,162.7,-27.7,3.89,0.525,112,0.5,1
A024,VEHICLE,3,7.62,199.6,2.9,4.35,0.485,142,0.85,0
A024,VEHICLE,4,7.7,153.9,-6.7,3.88,0.226,18,0.46,0
A024,VEHICLE,5,7.78,264.1,-12.3,4.21,0.588,48,0.99,0
A024,VEHICLE,6,7.87,183.8,-4.2,3.01,0.646,78,0.87,0
A024,VEHICLE,7,7.95,240.1,-9.2,3.96,0.58,108,1.0,0
A024,VEHICLE,8,8.03,302.5,-7.6,3.73,0.945,138,0.43,0
A024,VEHICLE,9,8.12,202.7,-12.2,4.91,0.614,168,0.58,1
A024,VEHICLE,10,8.2,222.4,-15.1,3.73,0.338,13,0.41,0
A024,VEHICLE,11,8.28,183.0,-13.2,3.53,0.434,43,0.56,0
A024,VEHICLE,12,8.37,169.0,-23.8,3.66,0.43,73,0.81,0
A024,VEHICLE,13,8.45,138.0,-4.2,4.23,0.421,103,0.6,1
A024,VEHICLE,14,8.53,141.1,-10.8,4.47,0.729,133,0.76,1
A024,VEHICLE,15,8.62,95.6,-22.6,3.41,0.297,0,0.54,0
A024,VEHICLE,16,8.7,157.6,-11.4,3.53,0.312,30,0.69,0
A024,VEHICLE,17,8.78,34.8,-8.5,4.36,0.631,60,0.68,0
A024,VEHICLE,18,8.87,107.2,-18.1,3.18,0.35,90,0.46,0
A024,VEHICLE,19,8.95,156.0,-11.6,3.99,0.502,120,0.7,0
A024,VEHICLE,20,9.03,246.8,-18.5,4.58,0.515,150,0.63,1
A024,VEHICLE,21,9.12,119.2,-14.1,4.59,0.442,7,0.63,0
A024,VEHICLE,22,9.2,148.5,-11.6,4.17,0.518,37,0.56,1
A024,VEHICLE,23,9.28,168.5,-9.8,3.3,0.377,67,0.31,0
A025,GENERATOR,0,3.92,173.8,-12.9,3.35,0.373,108,0.62,0
A025,GENERATOR,1,4.0,129.1,-8.6,4.15,0.258,138,0.81,1
A025,GENERATOR,2,4.09,147.6,-12.6,3.87,0.103,1,0.56,0
A025,GENERATOR,3,4.17,255.3,4.0,3.9,0.27,31,0.27,0
A025,GENERATOR,4,4.25,243.5,-22.5,2.85,0.227,61,0.65,0
A025,GENERATOR,5,4.34,77.8,-1.4,2.72,0.209,91,0.94,0
A025,GENERATOR,6,4.42,198.1,-19.5,3.4,0.672,121,0.5,1
A025,GENERATOR,7,4.5,128.6,-15.4,3.53,0.258,151,0.67,1
A025,GENERATOR,8,4.59,258.6,-18.7,3.1,0.052,9,0.98,0
A025,GENERATOR,9,4.67,220.3,-7.1,2.99,0.108,39,0.89,0
A025,GENERATOR,10,4.75,81.0,-19.1,2.74,0.031,69,0.46,0
A025,GENERATOR,11,4.84,105.1,-9.2,4.06,0.49,99,0.65,0
A025,GENERATOR,12,4.92,164.9,-18.5,4.43,0.759,129,1.0,1
A025,GENERATOR,13,5.0,144.8,-19.9,3.34,0.723,159,0.88,0
A025,GENERATOR,14,5.09,247.3,-7.4,2.42,0.045,12,0.92,0
A025,GENERATOR,15,5.17,279.6,-21.3,3.41,0.037,42,0.54,0
A025,GENERATOR,16,5.25,124.2,-13.6,3.25,0.311,72,0.77,0
A025,GENERATOR,17,5.34,268.7,-14.0,3.55,0.381,102,0.7,0
A025,GENERATOR,18,5.42,174.5,-5.3,3.49,0.286,132,0.35,1
A025,GENERATOR,19,5.5,155.8,-21.7,3.76,0.639,162,0.58,0
A025,GENERATOR,20,5.59,194.2,-26.4,3.68,0.648,192,0.84,0
A025,GENERATOR,21,5.67,178.9,-19.8,2.32,0.241,19,0.6,0
A025,GENERATOR,22,5.75,226.5,-7.9,2.64,0.078,49,0.42,0
A025,GENERATOR,23,5.84,225.4,-12.5,3.43,0.53,79,0.58,0
A026,MEDICAL,0,9.06,151.6,-18.5,3.93,0.511,75,0.4,0
A026,MEDICAL,1,9.14,234.1,-15.7,4.34,0.233,105,0.24,0
A026,MEDICAL,2,9.22,235.8,-26.3,4.54,0.523,135,0.57,1
A026,MEDICAL,3,9.31,133.9,-20.2,4.74,0.586,165,0.51,0
A026,MEDICAL,4,9.39,136.2,-22.4,3.69,0.371,18,0.76,0
A026,MEDICAL,5,9.47,187.3,-1.0,3.67,0.801,48,0.58,0
A026,MEDICAL,6,9.56,113.8,-20.3,4.45,0.624,78,0.47,0
A026,MEDICAL,7,9.64,204.6,-9.4,4.64,0.295,108,0.96,0
A026,MEDICAL,8,9.72,208.9,-12.1,4.37,0.651,138,0.92,0
A026,MEDICAL,9,9.81,227.8,-11.6,3.25,0.667,168,1.0,1
A026,MEDICAL,10,9.89,142.5,-17.2,3.4,0.439,15,0.25,0
A026,MEDICAL,11,9.97,233.8,-8.8,4.1,0.498,45,0.66,1
A026,MEDICAL,12,10.06,132.0,-0.8,3.93,0.495,75,0.8,0
A026,MEDICAL,13,10.14,246.2,-9.2,4.04,0.47,105,0.44,1
A026,MEDICAL,14,10.22,217.4,-12.8,3.61,0.734,135,0.73,1
A026,MEDICAL,15,10.31,94.7,-12.8,4.57,0.941,165,0.77,1
A026,MEDICAL,16,10.39,239.0,-25.3,2.83,0.372,9,0.8,0
A026,MEDICAL,17,10.47,194.8,-23.3,3.4,0.481,39,0.39,0
A026,MEDICAL,18,10.56,192.0,-12.1,4.41,0.408,69,0.38,0
A026,MEDICAL,19,10.64,121.9,-20.4,3.3,0.463,99,0.55,1
A026,MEDICAL,20,10.72,184.5,-5.8,4.21,0.725,129,0.75,1
A026,MEDICAL,21,10.81,126.0,-8.9,3.98,0.86,159,0.55,0
A026,MEDICAL,22,10.89,107.0,-6.4,4.97,0.952,189,0.44,0
A026,MEDICAL,23,10.97,167.1,3.1,3.98,0.412,2,0.64,1
A027,COMMS,0,11.74,161.9,-6.2,4.46,0.574,137,0.63,0
A027,COMMS,1,11.82,190.7,-25.2,3.77,0.793,167,0.57,0
A027,COMMS,2,11.9,142.4,-11.4,4.88,0.977,197,0.43,1
A027,COMMS,3,11.99,211.7,-21.2,5.44,0.719,16,0.39,1
A027,COMMS,4,12.07,59.4,-19.6,3.66,0.797,46,0.71,0
A027,COMMS,5,12.15,162.6,-12.6,4.63,0.664,76,0.38,1
A027,COMMS,6,12.24,132.5,-3.7,5.16,0.862,106,0.65,0
A027,COMMS,7,12.32,79.5,-8.0,4.02,0.468,136,0.64,1
A027,COMMS,8,12.4,134.0,-10.7,5.2,0.894,166,0.78,1
A027,COMMS,9,12.49,104.1,-28.1,4.27,0.781,196,0.86,0
A027,COMMS,10,12.57,143.6,-18.7,3.84,0.57,17,0.59,0
A027,COMMS,11,12.65,146.4,-9.5,5.15,0.434,47,0.58,0
A027,COMMS,12,12.74,205.6,-19.4,4.62,0.495,77,0.42,0
A027,COMMS,13,12.82,167.0,-16.0,5.25,0.509,107,0.48,1
A027,COMMS,14,12.9,221.6,-20.7,5.09,0.59,137,0.99,1
A027,COMMS,15,12.99,331.9,-22.7,3.78,0.5,15,0.65,0
A027,COMMS,16,13.07,216.2,-7.9,4.29,0.519,45,0.67,0
A027,COMMS,17,13.15,117.6,-13.7,5.02,0.778,75,0.59,0
A027,COMMS,18,13.24,208.8,-4.2,3.85,0.715,105,0.82,1
A027,COMMS,19,13.32,146.0,-2.8,3.89,0.558,135,0.61,0
A027,COMMS,20,13.4,140.8,-16.4,5.21,1.05,165,0.71,1
A027,COMMS,21,13.49,80.8,-25.0,4.82,1.124,195,0.45,1
A027,COMMS,22,13.57,165.7,-3.1,4.25,0.383,13,0.94,0
A027,COMMS,23,13.65,229.8,-6.3,3.26,0.877,43,0.43,0
A028,VEHICLE,0,8.4,172.0,-2.8,3.0,0.687,41,0.31,0
A028,VEHICLE,1,8.48,143.7,-21.2,3.55,0.605,71,0.69,0
A028,VEHICLE,2,8.57,272.5,-9.9,3.36,0.365,101,0.96,0
A028,VEHICLE,3,8.65,77.6,2.0,3.33,0.465,131,0.57,0
A028,VEHICLE,4,8.73,238.7,-14.2,4.39,0.538,161,0.73,1
A028,VEHICLE,5,8.82,234.4,-14.1,3.32,0.635,6,0.77,0
A028,VEHICLE,6,8.9,251.8,-23.9,3.69,0.556,36,0.3,0
A028,VEHICLE,7,8.98,240.8,-19.8,3.21,0.604,66,0.65,1
A028,VEHICLE,8,9.07,136.1,-15.8,3.03,0.454,96,0.7,0
A028,VEHICLE,9,9.15,115.1,-16.2,4.09,0.493,126,0.65,0
A028,VEHICLE,10,9.23,120.6,-21.2,3.86,0.48,156,0.31,1
A028,VEHICLE,11,9.32,208.8,-19.1,3.76,0.708,186,0.57,0
A028,VEHICLE,12,9.4,35.8,-18.5,3.51,0.431,16,0.75,0
A028,VEHICLE,13,9.48,233.3,-15.2,4.29,0.376,46,0.46,0
A028,VEHICLE,14,9.57,190.2,-8.6,4.57,0.659,76,0.82,0
A028,VEHICLE,15,9.65,126.5,-15.1,4.06,0.226,106,0.43,0
A028,VEHICLE,16,9.73,177.3,-13.1,4.83,0.769,136,0.75,1
A028,VEHICLE,17,9.82,196.9,-24.6,3.08,0.416,166,0.75,1
A028,VEHICLE,18,9.9,255.2,-8.7,4.59,0.851,196,1.0,1
A028,VEHICLE,19,9.98,207.8,-9.0,2.66,0.271,15,0.69,0
A028,VEHICLE,20,10.07,290.5,-19.2,4.13,0.607,45,0.69,0
A028,VEHICLE,21,10.15,247.8,3.5,2.98,0.561,75,0.3,0
A028,VEHICLE,22,10.23,143.1,-18.8,4.27,0.558,105,0.83,1
A028,VEHICLE,23,10.32,118.2,-15.7,4.58,0.79,135,0.78,1
A029,GENERATOR,0,4.47,121.4,-3.1,3.48,0.286,139,0.46,0
A029,GENERATOR,1,4.56,137.5,-31.9,2.96,0.422,169,0.51,0
A029,GENERATOR,2,4.64,223.8,-2.6,2.53,0.266,10,0.7,0
A029,GENERATOR,3,4.72,158.5,-12.3,3.85,0.244,40,0.4,0
A029,GENERATOR,4,4.81,96.6,-15.0,2.51,0.211,70,0.9,0
A029,GENERATOR,5,4.89,165.1,-27.5,3.55,0.205,100,0.85,0
A029,GENERATOR,6,4.97,140.9,-27.5,3.39,0.323,130,0.82,1
A029,GENERATOR,7,5.06,132.1,-2.0,3.76,0.555,160,0.67,1
A029,GENERATOR,8,5.14,159.4,-4.4,3.43,0.611,190,0.55,1
A029,GENERATOR,9,5.22,110.5,-20.1,4.56,0.687,220,0.61,1
A029,GENERATOR,10,5.31,276.7,-14.3,3.32,0.158,7,0.5,0
A029,GENERATOR,11,5.39,140.7,-25.4,4.78,0.201,37,0.36,0
A029,GENERATOR,12,5.47,181.3,-28.1,2.97,0.514,67,0.79,0
A029,GENERATOR,13,5.56,188.9,-4.7,3.29,0.678,97,0.53,0
A029,GENERATOR,14,5.64,259.9,-21.5,3.28,0.121,127,0.4,0
A029,GENERATOR,15,5.72,81.6,0.8,4.5,0.564,157,0.65,1
A029,GENERATOR,16,5.81,75.7,-16.1,2.73,0.577,187,0.7,0
A029,GENERATOR,17,5.89,191.2,-20.8,2.38,0.049,8,0.45,0
A029,GENERATOR,18,5.97,152.3,-24.7,2.61,0.377,38,0.54,0
A029,GENERATOR,19,6.06,156.1,-4.5,3.18,0.234,68,0.39,0
A029,GENERATOR,20,6.14,282.4,-20.4,3.7,0.458,98,0.63,1
A029,GENERATOR,21,6.22,270.7,-25.8,3.05,0.495,128,0.71,0
A029,GENERATOR,22,6.31,218.7,-18.8,4.87,0.506,158,0.57,1
A029,GENERATOR,23,6.39,283.2,-16.9,3.7,0.635,188,0.88,0
A030,MEDICAL,0,12.75,131.7,-12.7,4.04,0.79,69,0.71,0
A030,MEDICAL,1,12.83,203.5,-24.1,3.83,0.881,99,0.55,0
A030,MEDICAL,2,12.91,141.7,-5.1,5.11,0.926,129,0.74,0
A030,MEDICAL,3,13.0,200.7,-5.5,3.44,0.278,14,0.64,0
A030,MEDICAL,4,13.08,203.5,-11.4,4.59,0.941,44,0.4,1
A030,MEDICAL,5,13.16,129.6,-25.2,5.37,0.946,74,0.97,1
A030,MEDICAL,6,13.25,160.9,-19.4,4.76,0.555,104,0.29,0
A030,MEDICAL,7,13.33,153.6,-12.1,4.67,0.579,134,0.51,1
A030,MEDICAL,8,13.41,200.9,-17.6,3.79,0.437,12,0.63,0
A030,MEDICAL,9,13.5,172.2,-25.7,3.91,0.657,42,0.74,0
A030,MEDICAL,10,13.58,174.7,-11.0,4.01,0.813,72,0.76,1
A030,MEDICAL,11,13.66,158.9,-28.1,4.3,0.881,102,0.47,1
A030,MEDICAL,12,13.75,127.1,-9.6,4.45,0.626,132,0.71,1
A030,MEDICAL,13,13.83,212.2,-9.6,4.43,0.72,162,0.88,0
A030,MEDICAL,14,13.91,156.1,-22.0,4.45,0.468,18,0.46,0
A030,MEDICAL,15,14.0,257.8,-15.9,4.85,0.641,48,0.67,0
A030,MEDICAL,16,14.08,249.6,-18.4,4.9,0.531,78,0.75,0
A030,MEDICAL,17,14.16,224.0,-18.0,4.39,0.758,108,0.66,1
A030,MEDICAL,18,14.25,162.6,-20.2,5.52,0.785,138,0.83,1
A030,MEDICAL,19,14.33,121.0,-14.3,4.66,0.784,168,0.67,1
A030,MEDICAL,20,14.41,142.9,-15.5,4.59,0.517,8,0.38,0
A030,MEDICAL,21,14.5,233.1,-14.8,3.83,0.615,38,0.47,0
A030,MEDICAL,22,14.58,101.7,-9.1,4.57,0.756,68,0.74,1
A030,MEDICAL,23,14.66,267.6,-20.1,4.08,0.463,98,0.53,1
A031,COMMS,0,7.31,99.8,-19.7,3.98,0.425,37,0.67,0
A031,COMMS,1,7.4,190.0,-22.8,4.1,0.508,67,0.67,0
A031,COMMS,2,7.48,267.3,-10.5,3.39,0.746,97,0.68,1
A031,COMMS,3,7.56,212.7,-35.7,5.01,0.738,127,0.48,1
A031,COMMS,4,7.65,107.8,-6.3,4.42,0.654,157,0.4,0
A031,COMMS,5,7.73,158.5,-18.5,3.52,0.693,187,0.76,1
A031,COMMS,6,7.81,177.2,-8.5,3.97,0.785,217,0.43,1
A031,COMMS,7,7.9,402.1,-4.8,4.4,0.402,13,0.44,1
A031,COMMS,8,7.98,104.4,-14.2,2.94,0.204,43,0.48,0
A031,COMMS,9,8.06,156.3,-15.1,4.84,0.448,73,0.29,1
A031,COMMS,10,8.15,166.4,-18.9,3.8,0.555,103,0.58,0
A031,COMMS,11,8.23,140.1,-9.7,3.3,0.518,133,0.69,0
A031,COMMS,12,8.31,236.7,-14.6,3.33,0.441,16,0.62,0
A031,COMMS,13,8.4,102.0,-9.5,3.28,0.564,46,0.44,0
A031,COMMS,14,8.48,140.3,-13.2,3.42,0.362,76,0.54,0
A031,COMMS,15,8.56,179.0,1.8,3.42,0.525,106,0.16,0
A031,COMMS,16,8.65,121.5,-16.0,4.12,0.501,136,0.66,0
A031,COMMS,17,8.73,61.3,-17.3,2.95,0.555,10,0.47,0
A031,COMMS,18,8.81,124.8,-13.4,3.83,0.177,40,0.69,0
A031,COMMS,19,8.9,114.0,-8.7,4.08,0.24,70,0.47,0
A031,COMMS,20,8.98,259.2,-22.4,5.33,0.686,100,0.9,1
A031,COMMS,21,9.06,240.7,-15.6,4.0,0.781,130,0.75,1
A031,COMMS,22,9.15,170.9,-5.1,4.52,0.633,160,0.84,0
A031,COMMS,23,9.23,144.1,-16.8,4.92,0.754,190,0.92,1
A032,VEHICLE,0,9.08,120.1,-18.8,4.2,0.504,132,0.91,0
A032,VEHICLE,1,9.17,186.7,-10.9,4.16,0.19,10,1.0,0
A032,VEHICLE,2,9.25,181.6,-21.8,2.94,0.277,40,0.39,0
A032,VEHICLE,3,9.33,154.4,-15.1,3.75,0.426,70,0.93,0
A032,VEHICLE,4,9.42,254.2,-13.4,3.86,0.356,100,0.75,1
A032,VEHICLE,5,9.5,217.3,-22.6,3.55,0.537,130,0.5,1
A032,VEHICLE,6,9.58,265.2,-18.1,4.99,0.65,160,0.62,0
A032,VEHICLE,7,9.67,216.1,-14.1,4.75,0.216,11,0.58,1
A032,VEHICLE,8,9.75,254.1,-10.1,3.53,0.487,41,0.8,0
A032,VEHICLE,9,9.83,148.1,-13.9,3.06,0.311,71,0.74,0
A032,VEHICLE,10,9.92,95.4,-20.0,3.56,0.251,101,0.58,0
A032,VEHICLE,11,10.0,65.9,-27.7,3.85,0.695,131,0.53,0
A032,VEHICLE,12,10.08,212.4,-11.2,3.69,0.837,161,1.0,1
A032,VEHICLE,13,10.17,124.6,-8.4,4.87,0.635,191,0.71,1
A032,VEHICLE,14,10.25,140.5,-8.2,3.82,0.482,6,0.63,0
A032,VEHICLE,15,10.33,103.7,-9.4,4.2,0.384,36,0.67,0
A032,VEHICLE,16,10.42,249.4,-3.8,4.5,0.841,66,0.88,0
A032,VEHICLE,17,10.5,136.8,-6.2,4.08,0.75,96,0.48,1
A032,VEHICLE,18,10.58,190.6,-25.3,3.68,0.555,126,0.55,0
A032,VEHICLE,19,10.67,134.6,-13.8,4.08,0.871,156,0.72,1
A032,VEHICLE,20,10.75,193.5,-9.4,5.11,0.63,10,0.45,0
A032,VEHICLE,21,10.83,280.7,7.0,3.4,0.503,40,0.63,0
A032,VEHICLE,22,10.92,70.9,-11.4,3.62,0.573,70,0.17,0
A032,VEHICLE,23,11.0,63.4,-14.5,4.1,0.875,100,0.7,1
A033,GENERATOR,0,0.63,209.4,-33.8,3.31,0.133,47,0.62,0
A033,GENERATOR,1,0.71,140.3,-25.2,2.67,0.35,77,0.52,0
A033,GENERATOR,2,0.8,144.2,-6.6,2.14,0.512,107,1.0,0
A033,GENERATOR,3,0.88,128.7,-19.5,3.02,0.035,137,0.68,0
A033,GENERATOR,4,0.96,236.3,-22.1,3.35,-0.124,3,0.49,0
A033,GENERATOR,5,1.05,114.3,-17.7,2.35,-0.153,33,0.73,0
A033,GENERATOR,6,1.13,164.4,-6.9,3.02,0.308,63,0.77,0
A033,GENERATOR,7,1.21,175.8,-18.4,3.22,0.263,93,0.51,0
A033,GENERATOR,8,1.3,174.2,-12.5,2.01,0.244,123,1.0,0
A033,GENERATOR,9,1.38,136.2,-12.6,3.39,0.352,153,0.78,0
A033,GENERATOR,10,1.46,153.4,-7.5,3.27,0.261,183,0.28,0
A033,GENERATOR,11,1.55,172.7,-18.5,3.86,0.43,213,0.81,1
A033,GENERATOR,12,1.63,160.3,-0.9,2.96,0.007,0,0.87,0
A033,GENERATOR,13,1.71,239.6,-18.3,3.22,0.189,30,0.63,0
A033,GENERATOR,14,1.8,160.2,-15.9,3.02,0.105,60,0.43,0
A033,GENERATOR,15,1.88,194.9,-1.8,3.19,0.404,90,0.81,0
A033,GENERATOR,16,1.96,224.8,-12.3,3.51,0.38,120,0.83,1
A033,GENERATOR,17,2.05,122.1,-18.6,3.7,0.445,150,0.87,0
A033,GENERATOR,18,2.13,86.1,-24.1,3.18,-0.148,0,0.65,0
A033,GENERATOR,19,2.21,229.7,-16.8,2.62,0.378,30,0.53,0
A033,GENERATOR,20,2.3,78.2,-20.2,2.05,0.083,60,0.46,0
A033,GENERATOR,21,2.38,40.5,-21.4,3.02,0.216,90,0.63,0
A033,GENERATOR,22,2.46,14.2,-9.2,3.07,0.321,120,0.6,0
A033,GENERATOR,23,2.55,279.1,-15.0,2.43,0.364,150,0.56,0
A034,MEDICAL,0,1.81,112.9,-16.1,3.44,-0.021,70,0.6,1
A034,MEDICAL,1,1.9,261.2,-18.1,3.6,0.442,100,0.16,0
A034,MEDICAL,2,1.98,234.3,-17.6,3.2,0.475,130,0.65,0
A034,MEDICAL,3,2.06,75.0,-15.1,3.58,0.34,160,0.32,0
A034,MEDICAL,4,2.15,84.5,-18.8,1.5,0.087,4,0.89,0
A034,MEDICAL,5,2.23,146.7,-16.6,2.9,0.1,34,0.61,0
A034,MEDICAL,6,2.31,317.4,-10.3,2.93,0.459,64,0.87,0
A034,MEDICAL,7,2.4,85.0,-19.9,2.79,0.507,94,0.65,0
A034,MEDICAL,8,2.48,157.2,-17.4,4.01,0.373,124,0.87,0
A034,MEDICAL,9,2.56,139.9,-6.2,2.49,0.522,154,0.5,0
A034,MEDICAL,10,2.65,193.8,-13.1,2.82,0.04,17,0.44,0
A034,MEDICAL,11,2.73,108.1,-16.9,1.88,0.378,47,0.75,0
A034,MEDICAL,12,2.81,136.6,-3.7,2.71,0.259,77,0.37,0
A034,MEDICAL,13,2.9,122.8,-15.8,2.66,0.201,107,0.32,0
A034,MEDICAL,14,2.98,100.6,-19.9,3.84,0.239,137,0.59,0
A034,MEDICAL,15,3.06,160.2,-6.8,4.23,0.457,167,0.7,0
A034,MEDICAL,16,3.15,133.8,-0.2,2.6,0.12,18,0.38,0
A034,MEDICAL,17,3.23,161.4,4.3,4.11,0.265,48,0.49,1
A034,MEDICAL,18,3.31,321.3,-11.8,3.66,0.577,78,0.71,0
A034,MEDICAL,19,3.4,210.5,-20.1,3.35,0.12,108,0.26,0
A034,MEDICAL,20,3.48,140.0,-11.7,3.21,0.139,138,0.61,0
A034,MEDICAL,21,3.56,226.2,-16.2,4.36,0.512,168,0.81,1
A034,MEDICAL,22,3.65,234.4,-16.1,1.31,0.526,6,0.34,0
A034,MEDICAL,23,3.73,174.8,-14.5,4.4,0.124,36,0.79,1
A035,COMMS,0,9.23,157.4,-2.1,4.15,0.346,78,0.3,0
A035,COMMS,1,9.31,185.5,-14.3,4.13,0.346,108,0.79,0
A035,COMMS,2,9.4,169.9,-25.4,4.85,0.636,138,0.19,0
A035,COMMS,3,9.48,82.7,-3.5,4.74,0.65,168,0.78,1
A035,COMMS,4,9.56,254.1,-25.2,4.66,0.757,198,0.71,0
A035,COMMS,5,9.65,138.3,-15.9,2.54,0.598,10,0.37,0
A035,COMMS,6,9.73,205.2,-4.1,3.03,0.408,40,0.67,0
A035,COMMS,7,9.81,129.9,-20.7,4.29,0.355,70,0.71,1
A035,COMMS,8,9.9,140.8,12.3,3.91,0.485,100,1.0,1
A035,COMMS,9,9.98,279.5,-12.0,3.67,0.803,130,0.73,1
A035,COMMS,10,10.06,77.1,-16.7,5.23,0.444,160,0.4,0
A035,COMMS,11,10.15,185.2,-10.2,4.46,0.759,190,0.75,1
A035,COMMS,12,10.23,136.1,-30.9,4.24,0.426,17,0.61,1
A035,COMMS,13,10.31,76.7,-16.6,4.17,0.289,47,0.81,1
A035,COMMS,14,10.4,83.5,-18.3,4.29,0.556,77,0.53,0
A035,COMMS,15,10.48,158.1,-21.2,5.65,0.784,107,0.6,1
A035,COMMS,16,10.56,169.9,-8.6,4.43,0.553,137,0.55,1
A035,COMMS,17,10.65,257.5,0.4,4.31,0.75,167,0.58,0
A035,COMMS,18,10.73,231.0,-5.6,4.94,0.916,197,0.43,1
A035,COMMS,19,10.81,200.6,-11.8,3.8,0.442,7,0.65,0
A035,COMMS,20,10.9,255.9,-17.6,3.58,0.43,37,0.5,1
A035,COMMS,21,10.98,168.1,-18.0,4.12,0.475,67,0.5,0
A035,COMMS,22,11.06,88.4,-20.7,3.46,0.578,97,0.1,1
A035,COMMS,23,11.15,273.5,-18.2,4.58,0.563,127,0.77,1
A036,VEHICLE,0,3.7,211.2,-5.8,2.88,0.564,138,0.63,0
A036,VEHICLE,1,3.79,119.9,-27.5,3.5,0.199,11,0.66,0
A036,VEHICLE,2,3.87,190.3,-26.3,3.19,0.305,41,0.71,1
A036,VEHICLE,3,3.95,227.1,-19.9,3.73,0.012,71,0.47,0
A036,VEHICLE,4,4.04,232.7,-10.5,3.57,0.33,101,0.66,1
A036,VEHICLE,5,4.12,90.4,-16.2,3.68,0.549,131,0.7,0
A036,VEHICLE,6,4.2,230.4,-21.2,3.03,0.5,161,0.76,1
A036,VEHICLE,7,4.29,241.9,-26.3,3.42,0.202,13,0.67,0
A036,VEHICLE,8,4.37,274.5,-6.0,3.76,0.398,43,0.96,0
A036,VEHICLE,9,4.45,136.8,-7.2,3.95,0.277,73,0.6,0
A036,VEHICLE,10,4.54,155.8,-13.4,3.86,0.473,103,0.61,0
A036,VEHICLE,11,4.62,158.1,-12.0,3.24,0.234,133,0.46,0
A036,VEHICLE,12,4.7,241.5,-13.6,4.43,0.125,163,0.66,0
A036,VEHICLE,13,4.79,148.9,-6.8,3.15,0.457,193,0.38,0
A036,VEHICLE,14,4.87,140.2,-25.7,3.44,0.31,13,0.91,0
A036,VEHICLE,15,4.95,159.1,-14.3,2.91,0.326,43,0.67,0
A036,VEHICLE,16,5.04,138.0,-19.1,3.16,0.28,73,0.93,1
A036,VEHICLE,17,5.12,147.1,0.9,3.71,0.547,103,0.63,0
A036,VEHICLE,18,5.2,115.8,-17.5,3.85,0.534,133,0.66,0
A036,VEHICLE,19,5.29,184.6,-3.9,3.23,0.512,163,0.95,0
A036,VEHICLE,20,5.37,105.4,2.0,2.95,0.049,18,0.83,0
A036,VEHICLE,21,5.45,232.2,-25.2,3.57,0.152,48,0.63,0
A036,VEHICLE,22,5.54,113.2,-12.7,2.81,0.481,78,0.58,0
A036,VEHICLE,23,5.62,105.9,-2.3,2.87,0.283,108,0.56,0
A037,GENERATOR,0,6.36,110.6,-5.7,3.35,0.467,72,0.48,0
A037,GENERATOR,1,6.44,60.4,-2.0,4.47,0.284,102,0.9,0
A037,GENERATOR,2,6.52,176.6,-15.7,3.92,0.658,132,0.6,0
A037,GENERATOR,3,6.61,208.5,-6.4,3.61,0.551,162,0.74,0
A037,GENERATOR,4,6.69,145.9,-2.1,2.28,0.579,19,0.95,0
A037,GENERATOR,5,6.77,145.8,-5.5,3.98,0.358,49,0.38,0
A037,GENERATOR,6,6.86,257.1,-10.9,4.69,0.426,79,0.84,1
A037,GENERATOR,7,6.94,146.4,-25.6,3.55,0.873,109,0.95,1
A037,GENERATOR,8,7.02,189.0,-10.0,3.74,0.788,139,0.67,1
A037,GENERATOR,9,7.11,102.7,-10.2,4.09,0.426,169,0.68,0
A037,GENERATOR,10,7.19,185.2,-22.2,4.01,0.574,199,0.34,0
A037,GENERATOR,11,7.27,159.5,-14.5,4.57,-0.002,9,0.49,0
A037,GENERATOR,12,7.36,202.3,-31.1,3.35,0.283,39,0.77,0
A037,GENERATOR,13,7.44,141.8,-19.1,3.56,0.593,69,0.73,0
A037,GENERATOR,14,7.52,226.9,-19.3,3.02,0.502,99,0.66,0
A037,GENERATOR,15,7.61,154.7,-10.6,4.04,0.453,129,0.72,1
A037,GENERATOR,16,7.69,187.4,-7.8,5.12,0.338,159,0.5,0
A037,GENERATOR,17,7.77,99.2,-16.3,3.68,0.662,17,0.49,1
A037,GENERATOR,18,7.86,227.1,-19.3,4.58,0.307,47,0.42,0
A037,GENERATOR,19,7.94,137.8,-20.5,3.37,0.483,77,0.54,0
A037,GENERATOR,20,8.02,252.7,-4.9,4.28,0.46,107,0.86,1
A037,GENERATOR,21,8.11,211.8,-16.9,4.08,0.436,137,0.75,0
A037,GENERATOR,22,8.19,108.5,-21.8,3.58,0.216,4,0.66,0
A037,GENERATOR,23,8.27,65.1,-9.9,2.89,0.263,34,0.52,1
A038,MEDICAL,0,11.38,119.7,-8.2,4.66,0.788,130,0.55,1
A038,MEDICAL,1,11.46,127.7,-7.3,2.89,0.778,160,0.62,1
A038,MEDICAL,2,11.55,149.6,-9.8,2.91,0.359,12,0.79,0
A038,MEDICAL,3,11.63,152.6,-21.1,3.13,0.735,42,0.43,0
A038,MEDICAL,4,11.71,211.8,-22.2,4.77,0.638,72,0.8,1
A038,MEDICAL,5,11.8,159.3,-12.2,2.47,0.578,102,0.81,0
A038,MEDICAL,6,11.88,56.6,-18.1,4.63,0.679,132,0.37,1
A038,MEDICAL,7,11.96,104.3,-6.4,4.07,0.709,162,0.69,0
A038,MEDICAL,8,12.05,209.4,-21.1,4.11,0.754,192,0.52,1
A038,MEDICAL,9,12.13,96.8,-16.8,4.56,0.542,9,0.71,0
A038,MEDICAL,10,12.21,107.4,-7.4,4.97,0.438,39,0.8,0
A038,MEDICAL,11,12.3,126.2,-2.9,4.33,0.989,69,0.59,0
A038,MEDICAL,12,12.38,198.9,-17.7,4.8,0.506,99,0.2,0
A038,MEDICAL,13,12.46,118.8,-17.2,4.47,0.61,129,0.43,0
A038,MEDICAL,14,12.55,82.7,-16.4,4.33,0.903,159,0.47,0
A038,MEDICAL,15,12.63,122.3,-17.3,3.86,0.797,5,0.5,0
A038,MEDICAL,16,12.71,123.1,-23.5,3.99,0.552,35,0.6,0
A038,MEDICAL,17,12.8,138.4,-26.3,4.38,0.773,65,0.83,0
A038,MEDICAL,18,12.88,191.6,-17.6,4.64,0.671,95,0.63,1
A038,MEDICAL,19,12.96,235.4,-19.7,3.08,0.732,125,0.66,1
A038,MEDICAL,20,13.05,170.3,-20.8,4.39,0.942,155,0.5,1
A038,MEDICAL,21,13.13,135.8,-20.2,4.62,0.849,185,0.57,0
A038,MEDICAL,22,13.21,245.2,-24.7,3.38,0.556,8,0.78,1
A038,MEDICAL,23,13.3,109.7,-2.5,4.09,0.411,38,0.43,0
A039,COMMS,0,11.42,206.0,-4.6,4.74,0.405,61,0.61,0
A039,COMMS,1,11.5,291.2,-18.9,4.35,0.825,91,0.64,0
A039,COMMS,2,11.59,128.0,-11.7,4.64,0.799,121,0.65,0
A039,COMMS,3,11.67,147.4,-9.9,5.03,0.656,151,0.97,1
A039,COMMS,4,11.75,187.2,-14.2,4.92,0.33,15,0.54,0
A039,COMMS,5,11.84,200.5,-12.8,5.05,0.672,45,0.8,0
A039,COMMS,6,11.92,146.5,-5.7,4.29,0.623,75,0.6,0
A039,COMMS,7,12.0,257.8,-10.1,4.13,0.729,105,0.35,0
A039,COMMS,8,12.09,209.4,-23.6,5.19,0.832,135,0.5,1
A039,COMMS,9,12.17,164.6,-6.2,4.6,0.911,165,0.88,0
A039,COMMS,10,12.25,157.2,1.3,4.43,0.604,195,0.45,0
A039,COMMS,11,12.34,248.3,-8.4,4.61,0.639,0,0.55,1
A039,COMMS,12,12.42,253.3,6.9,4.7,0.269,30,0.33,1
A039,COMMS,13,12.5,184.6,-16.9,4.76,0.771,60,0.44,0
A039,COMMS,14,12.59,157.6,-6.5,4.33,0.922,90,0.67,0
A039,COMMS,15,12.67,48.6,-16.6,4.84,0.865,120,0.74,1
A039,COMMS,16,12.75,220.4,-8.4,4.28,1.033,150,0.78,1
A039,COMMS,17,12.84,42.3,-6.7,4.66,0.661,9,0.84,1
A039,COMMS,18,12.92,194.1,-12.8,4.86,0.494,39,0.6,1
A039,COMMS,19,13.0,121.7,-27.1,4.31,0.707,69,0.59,0
A039,COMMS,20,13.09,278.4,-6.2,3.97,0.795,99,0.73,0
A039,COMMS,21,13.17,172.2,-15.6,4.47,0.837,129,0.11,0
A039,COMMS,22,13.25,290.2,-13.9,3.92,0.745,159,0.8,0
A039,COMMS,23,13.34,163.6,-18.4,4.66,0.258,11,0.76,0
